Workbook
Name Slicer_Group1: #N/A
Name Slicer_LapCat: #N/A
Name Slicer_MalaysiaPopularity: #N/A
Name Slicer_MaleWtKg: #N/A
Name Slicer_PopularityUS2017: #N/A

Sheet Dog Breed
A1: BreedName | B1: AltBreedName | C1: Group1 | D1: Group2 | E1: MaleWtKg | F1: Temperment | G1: AvgPupPrice | H1: Intelligence | I1: Watchdog | J1: MalaysiaGuardedDog | K1: MalaysiaProhibitedDog | L1: MalaysiaPopularity | M1: PopularityUS2017 | N1: Qty Sold | O1: Average sale | P1: Affectiontae
A2: Affenpinscher | C2: Toy | D2: Companion | E2: 4 | F2: Active, Adventurous, Curious, Fun-loving, Playful, Stubborn | G2: 1000 | H2: 37 | I2: 1 | M2: 147 | N2: 300 | O2: =AVERAGEIF($A:$A, A2, $N:$N) -> 300 | P2: =IF(ISNUMBER(SEARCH("Affectionate",F1)),"With Affectionate","Without Affectionate") -> Without Affectionate
A3: Afghan Hound | C3: Sporting | D3: Sight | E3: 28 | F3: Aloof, Clownish, Dignified, Happy, Independent | G3: 2250 | H3: 79 | I3: 1 | M3: 93 | N3: 250 | O3: =AVERAGEIF($A:$A, A3, $N:$N) -> 250 | P3: =IF(ISNUMBER(SEARCH("Affectionate",F2)),"With Affectionate","Without Affectionate") -> Without Affectionate
A4: African Hunting Dog | E4: 23 | F4: Wild | N4: 500 | O4: =AVERAGEIF($A:$A, A4, $N:$N) -> 500 | P4: =IF(ISNUMBER(SEARCH("Affectionate",F3)),"With Affectionate","Without Affectionate") -> Without Affectionate
A5: Airedale Terrier | B5: Airedale | C5: Terrier | D5: Terrier | E5: 26 | F5: Alert, Confident, Courageous, Friendly, Intelligent, Outgoing | G5: 700 | H5: 29 | I5: 4 | M5: 55 | N5: 670 | O5: =AVERAGEIF($A:$A, A5, $N:$N) -> 670 | P5: =IF(ISNUMBER(SEARCH("Affectionate",F4)),"With Affectionate","Without Affectionate") -> Without Affectionate
A6: Akbash | C6: Working | D6: Guardian | E6: 53 | F6: Affectionate, Alert, Courageous, Independent, Intelligent, Loyal | G6: 600 | I6: 5 | N6: 293 | O6: =AVERAGEIF($A:$A, A6, $N:$N) -> 293 | P6: =IF(ISNUMBER(SEARCH("Affectionate",F5)),"With Affectionate","Without Affectionate") -> Without Affectionate
A7: Akita | C7: Working | D7: Herding | E7: 44 | F7: Alert, Courageous, Dignified, Docile, Friendly, Intelligent, Responsive | G7: 1000 | H7: 54 | I7: 5 | K7: 1 | M7: 47 | N7: 457 | O7: =AVERAGEIF($A:$A, A7, $N:$N) -> 457 | P7: =IF(ISNUMBER(SEARCH("Affectionate",F6)),"With Affectionate","Without Affectionate") -> With Affectionate
A8: Alaskan Malamute | B8: Malamute | C8: Working | D8: Northern | E8: 40 | F8: Affectionate, Devoted, Dignified, Friendly, Loyal, Playful | G8: 1350 | H8: 50 | I8: 5 | M8: 59 | N8: 890 | O8: =AVERAGEIF($A:$A, A8, $N:$N) -> 890 | P8: =IF(ISNUMBER(SEARCH("Affectionate",F7)),"With Affectionate","Without Affectionate") -> Without Affectionate
A9: American Bulldog | C9: Working | D9: Guardian | E9: 38 | F9: Affectionate, Alert, Courageous, Energetic, Gentle, Loving, Out-going, Social | G9: 800 | I9: 6 | K9: 1 | N9: 91 | O9: =AVERAGEIF($A:$A, A9, $N:$N) -> 91 | P9: =IF(ISNUMBER(SEARCH("Affectionate",F8)),"With Affectionate","Without Affectionate") -> With Affectionate
A10: American Eskimo Dog | C10: Non Sporting | D10: Northern | E10: 8 | F10: Alert, Energetic, Friendly, Independent, Intelligent, Protective | G10: 700 | I10: 4 | M10: 118 | N10: 25 | O10: =AVERAGEIF($A:$A, A10, $N:$N) -> 25 | P10: =IF(ISNUMBER(SEARCH("Affectionate",F9)),"With Affectionate","Without Affectionate") -> With Affectionate
A11: American Hairless Terrier | C11: Terrier | D11: Terrier | E11: 5 | F11: Alert, Lively, Loving, Intelligent, Inquisitive, Playful | G11: 400 | I11: 3 | M11: 126 | N11: 76 | O11: =AVERAGEIF($A:$A, A11, $N:$N) -> 76 | P11: =IF(ISNUMBER(SEARCH("Affectionate",F10)),"With Affectionate","Without Affectionate") -> Without Affectionate
A12: American Staffordshire Terrier | C12: Terrier | D12: Terrier | E12: 28 | F12: Attentive, Courageous, Devoted, Friendly, Loyal, Tenacious, Intelligent | G12: 900 | H12: 34 | I12: 3 | K12: 1 | M12: 83 | N12: 94 | O12: =AVERAGEIF($A:$A, A12, $N:$N) -> 94 | P12: =IF(ISNUMBER(SEARCH("Affectionate",F11)),"With Affectionate","Without Affectionate") -> Without Affectionate
A13: American Water Spaniel | C13: Sporting | D13: Gun | E13: 16 | F13: Energetic, Friendly, Intelligent, Obedient, Protective, Trainable | G13: 900 | H13: 44 | I13: 4 | M13: 167 | N13: 56 | O13: =AVERAGEIF($A:$A, A13, $N:$N) -> 56 | P13: =IF(ISNUMBER(SEARCH("Affectionate",F12)),"With Affectionate","Without Affectionate") -> Without Affectionate
A14: Anatolian Shepherd | C14: Working | D14: Guardian | E14: 52 | F14: Bold, Confident, Independent, Intelligent, Proud, Steady | G14: 800 | I14: 6 | M14: 86 | N14: 780 | O14: =AVERAGEIF($A:$A, A14, $N:$N) -> 780 | P14: =IF(ISNUMBER(SEARCH("Affectionate",F13)),"With Affectionate","Without Affectionate") -> Without Affectionate
A15: Appenzell Mountain Dog | B15: Appenzeller | C15: Working | D15: Guardian | E15: 27 | F15: Energetic, Fearless, Lively, Reliable, Self-assured, Social | G15: 700 | I15: 5 | N15: 909 | O15: =AVERAGEIF($A:$A, A15, $N:$N) -> 909 | P15: =IF(ISNUMBER(SEARCH("Affectionate",F14)),"With Affectionate","Without Affectionate") -> Without Affectionate
A16: Australian Cattle Dog/Blue Heeler | C16: Herding | D16: Herding | E16: 21 | F16: Aggressive, Alert, Energetic, Intelligent, Loyal, Protective, Responsive | G16: 600 | H16: 10 | I16: 6 | M16: 56 | N16: 101 | O16: =AVERAGEIF($A:$A, A16, $N:$N) -> 101 | P16: =IF(ISNUMBER(SEARCH("Affectionate",F15)),"With Affectionate","Without Affectionate") -> Without Affectionate
A17: Australian Kelpie | B17: Kelpie | C17: Working | D17: Herding | E17: 16 | F17: Alert, Eager, Energetic, Friendly, Intelligent, Loyal, Robust | G17: 600 | I17: 5 | N17: 102 | O17: =AVERAGEIF($A:$A, A17, $N:$N) -> 102 | P17: =IF(ISNUMBER(SEARCH("Affectionate",F16)),"With Affectionate","Without Affectionate") -> Without Affectionate
A18: Australian Shepherd | C18: Terrier | D18: Terrier | E18: 27 | F18: Active, Affectionate, Friendly, Good-natured, Intelligent, Protective, Loving | G18: 700 | H18: 42 | I18: 5 | M18: 17 | N18: 39 | O18: =AVERAGEIF($A:$A, A18, $N:$N) -> 39 | P18: =IF(ISNUMBER(SEARCH("Affectionate",F17)),"With Affectionate","Without Affectionate") -> Without Affectionate
A19: Australian Terrier | C19: Terrier | D19: Terrier | E19: 5 | F19: Alert, Compassionate, Courageous, Even Tempered, Loyal, Spirited, Intelligent | G19: 1250 | H19: 34 | I19: 3 | M19: 137 | N19: 55 | O19: =AVERAGEIF($A:$A, A19, $N:$N) -> 55 | P19: =IF(ISNUMBER(SEARCH("Affectionate",F18)),"With Affectionate","Without Affectionate") -> With Affectionate
A20: Basenji | C20: Hound | D20: Sight | E20: 11 | F20: Affectionate, Alert, Curious, Energetic, Playful, Intelligent | G20: 1100 | H20: 78 | I20: 5 | M20: 84 | N20: 49 | O20: =AVERAGEIF($A:$A, A20, $N:$N) -> 49 | P20: =IF(ISNUMBER(SEARCH("Affectionate",F19)),"With Affectionate","Without Affectionate") -> Without Affectionate
A21: Basset Hound | B21: Basset | C21: Hound | D21: Scenthound | E21: 26 | F21: Affectionate, Devoted, Friendly, Gentle, Sweet-tempered, Tenacious | G21: 400 | H21: 71 | I21: 1 | M21: 39 | N21: 76 | O21: =AVERAGEIF($A:$A, A21, $N:$N) -> 76 | P21: =IF(ISNUMBER(SEARCH("Affectionate",F20)),"With Affectionate","Without Affectionate") -> With Affectionate
A22: Beagle | C22: Hound | D22: Scenthound | E22: 11 | F22: Friendly, Gentle, Independent, Intelligent, Lively, Loving, Sweet | G22: 650 | H22: 72 | I22: 1 | M22: 6 | N22: 34 | O22: =AVERAGEIF($A:$A, A22, $N:$N) -> 34 | P22: =IF(ISNUMBER(SEARCH("Affectionate",F21)),"With Affectionate","Without Affectionate") -> With Affectionate
A23: Bearded Collie | C23: Herding | D23: Herding | E23: 23 | F23: Active, Alert, Hardy, Intelligent, Lively, Self-confident | G23: 1300 | H23: 34 | I23: 4 | M23: 125 | N23: 50 | O23: =AVERAGEIF($A:$A, A23, $N:$N) -> 50 | P23: =IF(ISNUMBER(SEARCH("Affectionate",F22)),"With Affectionate","Without Affectionate") -> Without Affectionate
A24: Beauceron | C24: Herding | D24: Herding | E24: 50 | F24: Courageous, Obedient, Loyal, Protective, Loving | G24: 1350 | I24: 5 | M24: 141 | N24: 23 | O24: =AVERAGEIF($A:$A, A24, $N:$N) -> 23 | P24: =IF(ISNUMBER(SEARCH("Affectionate",F23)),"With Affectionate","Without Affectionate") -> Without Affectionate
A25: Bedlington Terrier | C25: Terrier | D25: Terrier | E25: 9 | F25: Affectionate, Devoted, Energetic, Loyal, Playful, Reliable, Intelligent | G25: 1900 | H25: 40 | I25: 3 | M25: 151 | N25: 45 | O25: =AVERAGEIF($A:$A, A25, $N:$N) -> 45 | P25: =IF(ISNUMBER(SEARCH("Affectionate",F24)),"With Affectionate","Without Affectionate") -> Without Affectionate
A26: Belgian Shepherd Dog Sheepdog | B26: Groenendael | C26: Herding | D26: Herding | E26: 32 | F26: Active, Alert, Confident, Friendly, Hard-working, Protective, Stubborn, Watchful, Intelligent | G26: 1300 | H26: 15 | I26: 6 | M26: 120 | N26: 33 | O26: =AVERAGEIF($A:$A, A26, $N:$N) -> 33 | P26: =IF(ISNUMBER(SEARCH("Affectionate",F25)),"With Affectionate","Without Affectionate") -> With Affectionate
A27: Belgian Shepherd Laekenois | C27: Herding | D27: Herding | E27: 28 | F27: Active, Alert, Energetic, Lively, Protective, Watchful | G27: 650 | I27: 5 | N27: 53 | O27: =AVERAGEIF($A:$A, A27, $N:$N) -> 53 | P27: =IF(ISNUMBER(SEARCH("Affectionate",F26)),"With Affectionate","Without Affectionate") -> Without Affectionate
A28: Belgian Shepherd Malinois | B28: Malinois | C28: Herding | D28: Herding | E28: 27 | F28: Active, Alert, Confident, Friendly, Hard-working, Protective, Stubborn, Watchful | G28: 700 | I28: 6 | M28: 44 | N28: 87 | O28: =AVERAGEIF($A:$A, A28, $N:$N) -> 87 | P28: =IF(ISNUMBER(SEARCH("Affectionate",F27)),"With Affectionate","Without Affectionate") -> Without Affectionate
A29: Belgian Shepherd Tervuren | C29: Herding | D29: Herding | E29: 34 | F29: Alert, Attentive, Energetic, Intelligent, Loyal, Protective | G29: 1350 | H29: 14 | I29: 6 | M29: 103 | N29: 67 | O29: =AVERAGEIF($A:$A, A29, $N:$N) -> 67 | P29: =IF(ISNUMBER(SEARCH("Affectionate",F28)),"With Affectionate","Without Affectionate") -> Without Affectionate
A30: Bernese Mountain Dog | C30: Working | D30: Guardian | E30: 44 | F30: Affectionate, Faithful, Intelligent, Loyal | G30: 900 | H30: 22 | I30: 5 | M30: 25 | N30: 98 | O30: =AVERAGEIF($A:$A, A30, $N:$N) -> 98 | P30: =IF(ISNUMBER(SEARCH("Affectionate",F29)),"With Affectionate","Without Affectionate") -> Without Affectionate
A31: Bichon Frise | C31: Non Sporting | D31: Companion | E31: 4 | F31: Affectionate, Cheerful, Feisty, Gentle, Playful, Intelligent, Sensitive | G31: 850 | H31: 45 | I31: 3 | M31: 46 | N31: 104 | O31: =AVERAGEIF($A:$A, A31, $N:$N) -> 104 | P31: =IF(ISNUMBER(SEARCH("Affectionate",F30)),"With Affectionate","Without Affectionate") -> With Affectionate
A32: Black and Tan Coonhound | C32: Hound | D32: Scenthound | E32: 55 | F32: Adaptable, Easygoing, Even-tempered, Gentle, Lovable, Trusting, Intelligent | G32: 350 | H32: 44 | I32: 3 | M32: 130 | N32: 542 | O32: =AVERAGEIF($A:$A, A32, $N:$N) -> 542 | P32: =IF(ISNUMBER(SEARCH("Affectionate",F31)),"With Affectionate","Without Affectionate") -> With Affectionate
A33: Black Labrador Retriever | C33: Sporting | D33: Gun | E33: 32 | F33: Affectionate, Alert, Cheerful, Energetic, Friendly, Gentle, Intelligent, Loving, Loyal, Outgoing, Playful, Responsive, Social | G33: 1500 | H33: 7 | I33: 3 | M33: 1 | N33: 123 | O33: =AVERAGEIF($A:$A, A33, $N:$N) -> 123 | P33: =IF(ISNUMBER(SEARCH("Affectionate",F32)),"With Affectionate","Without Affectionate") -> Without Affectionate
A34: Black Mouth Cur | C34: Hound | D34: Scenthound | E34: 32 | F34: Active, Fearless, Kind, Loyal, Protective, Trainable | G34: 400 | I34: 3 | N34: 105 | O34: =AVERAGEIF($A:$A, A34, $N:$N) -> 105 | P34: =IF(ISNUMBER(SEARCH("Affectionate",F33)),"With Affectionate","Without Affectionate") -> With Affectionate
A35: Black Russian Terrier | C35: Working | D35: Guardian | E35: 51 | F35: Brave, Confident, Energetic, Hardy, Lively, Stable | G35: 2150 | I35: 6 | M35: 116 | N35: 107 | O35: =AVERAGEIF($A:$A, A35, $N:$N) -> 107 | P35: =IF(ISNUMBER(SEARCH("Affectionate",F34)),"With Affectionate","Without Affectionate") -> Without Affectionate
A36: Bloodhound | C36: Hound | D36: Scenthound | E36: 46 | F36: Affectionate, Even-tempered, Gentle, Stubborn, Independent | G36: 1000 | H36: 74 | I36: 1 | M36: 50 | N36: 891 | O36: =AVERAGEIF($A:$A, A36, $N:$N) -> 891 | P36: =IF(ISNUMBER(SEARCH("Affectionate",F35)),"With Affectionate","Without Affectionate") -> Without Affectionate
A37: Blue Lacy | C37: Sporting | D37: Gun | E37: 18 | F37: Active, Alert, Bold, Devoted, Intelligent, Intense | G37: 700 | I37: 4 | N37: 397 | O37: =AVERAGEIF($A:$A, A37, $N:$N) -> 397 | P37: =IF(ISNUMBER(SEARCH("Affectionate",F36)),"With Affectionate","Without Affectionate") -> With Affectionate
A38: Bluetick Coonhound | B38: Bluetick | C38: Hound | D38: Scenthound | E38: 28 | F38: Friendly, Active, Gentle | G38: 550 | I38: 1 | M38: 132 | N38: 675 | O38: =AVERAGEIF($A:$A, A38, $N:$N) -> 675 | P38: =IF(ISNUMBER(SEARCH("Affectionate",F37)),"With Affectionate","Without Affectionate") -> Without Affectionate
A39: Boerboel | C39: Working | D39: Guardian | E39: 80 | F39: Confident, Dominant, Intelligent, Obedient, Territorial | G39: 1750 | I39: 6 | M39: 124 | N39: 393 | O39: =AVERAGEIF($A:$A, A39, $N:$N) -> 393 | P39: =IF(ISNUMBER(SEARCH("Affectionate",F38)),"With Affectionate","Without Affectionate") -> Without Affectionate
A40: Bolognese | C40: Working | D40: Companion | E40: 3 | F40: Docile, Enterprising, Loyal, Reserved, Serious | G40: 1350 | I40: 2 | N40: 215 | O40: =AVERAGEIF($A:$A, A40, $N:$N) -> 215 | P40: =IF(ISNUMBER(SEARCH("Affectionate",F39)),"With Affectionate","Without Affectionate") -> Without Affectionate
A41: Border Collie | C41: Herding | D41: Herding | E41: 17 | F41: Intelligent, Energetic, Alert, Responsive, Tenacious, Loyal, Protective | G41: 700 | H41: 1 | I41: 6 | M41: 38 | N41: 107 | O41: =AVERAGEIF($A:$A, A41, $N:$N) -> 107 | P41: =IF(ISNUMBER(SEARCH("Affectionate",F40)),"With Affectionate","Without Affectionate") -> Without Affectionate
A42: Border Terrier | C42: Terrier | D42: Terrier | E42: 7 | F42: Affectionate, Alert, Even-tempered, Fearless, Intelligent, Obedient | G42: 1300 | H42: 30 | I42: 4 | M42: 92 | N42: 110 | O42: =AVERAGEIF($A:$A, A42, $N:$N) -> 110 | P42: =IF(ISNUMBER(SEARCH("Affectionate",F41)),"With Affectionate","Without Affectionate") -> Without Affectionate
A43: Borzoi | C43: Hound | D43: Sight | E43: 41 | F43: Athletic, Gentle, Independent, Intelligent, Quiet, Respectful | G43: 1100 | H43: 75 | I43: 1 | M43: 102 | N43: 25 | O43: =AVERAGEIF($A:$A, A43, $N:$N) -> 25 | P43: =IF(ISNUMBER(SEARCH("Affectionate",F42)),"With Affectionate","Without Affectionate") -> With Affectionate
A44: Boston Terrier | B44: Boston Bull | C44: Non Sporting | D44: Companion | E44: 9 | F44: Affectionate, Aggressive, Friendly, Gentle, Intelligent, Lively, Playful | G44: 750 | H44: 54 | I44: 3 | M44: 21 | N44: 35 | O44: =AVERAGEIF($A:$A, A44, $N:$N) -> 35 | P44: =IF(ISNUMBER(SEARCH("Affectionate",F43)),"With Affectionate","Without Affectionate") -> Without Affectionate
A45: Bouvier des Flanders | C45: Herding | D45: Herding | E45: 42 | F45: Familial, Gentle, Intelligent, Loyal, Protective, Rational | G45: 1750 | H45: 29 | I45: 5 | M45: 85 | N45: 15 | O45: =AVERAGEIF($A:$A, A45, $N:$N) -> 15 | P45: =IF(ISNUMBER(SEARCH("Affectionate",F44)),"With Affectionate","Without Affectionate") -> With Affectionate
A46: Boxer | C46: Working | D46: Guardian | E46: 30 | F46: Brave, Bright, Confident, Energetic, Fearless, Friendly, Intelligent, Loyal, Playful | G46: 900 | H46: 49 | I46: 5 | M46: 11 | N46: 5 | O46: =AVERAGEIF($A:$A, A46, $N:$N) -> 5 | P46: =IF(ISNUMBER(SEARCH("Affectionate",F45)),"With Affectionate","Without Affectionate") -> Without Affectionate
A47: Boykin Spaniel | C47: Sporting | D47: Gun | E47: 15 | F47: Companionable, Eager, Energetic, Friendly, Intelligent, Trainable | G47: 900 | I47: 3 | M47: 98 | N47: 100 | O47: =AVERAGEIF($A:$A, A47, $N:$N) -> 100 | P47: =IF(ISNUMBER(SEARCH("Affectionate",F46)),"With Affectionate","Without Affectionate") -> Without Affectionate
A48: Briard | C48: Herding | D48: Gun | E48: 35 | F48: Faithful, Fearless, Intelligent, Loyal, Obedient, Protective | G48: 1100 | H48: 30 | I48: 6 | M48: 127 | N48: 107 | O48: =AVERAGEIF($A:$A, A48, $N:$N) -> 107 | P48: =IF(ISNUMBER(SEARCH("Affectionate",F47)),"With Affectionate","Without Affectionate") -> Without Affectionate
A49: Brittany Spaniel | C49: Sporting | D49: Gun | E49: 17 | F49: Alert, Independent, Intelligent, Responsive, Social | G49: 750 | H49: 19 | I49: 3 | M49: 26 | N49: 109 | O49: =AVERAGEIF($A:$A, A49, $N:$N) -> 109 | P49: =IF(ISNUMBER(SEARCH("Affectionate",F48)),"With Affectionate","Without Affectionate") -> Without Affectionate
A50: Brussels Griffon | B50: Brabancon Griffon | C50: Toy | D50: Companion | E50: 4 | F50: Alert, Companionable, Inquisitive, Self-important, Sensitive, Watchful | G50: 900 | I50: 3 | M50: 94 | N50: 895 | O50: =AVERAGEIF($A:$A, A50, $N:$N) -> 895 | P50: =IF(ISNUMBER(SEARCH("Affectionate",F49)),"With Affectionate","Without Affectionate") -> Without Affectionate
A51: Bull Terrier | B51: American Pit Bull Terrier | C51: Terrier | D51: Terrier | E51: 28 | F51: Active, Keen, Protective, Sweet-tempered, Trainable | G51: 1350 | H51: 66 | I51: 6 | M51: 60 | N51: 576 | O51: =AVERAGEIF($A:$A, A51, $N:$N) -> 576 | P51: =IF(ISNUMBER(SEARCH("Affectionate",F50)),"With Affectionate","Without Affectionate") -> Without Affectionate
A52: Bullmastiff | B52: Bull Mastiff | C52: Working | D52: Guardian | E52: 55 | F52: Alert, Calm, Courageous, Devoted, Docile, Powerful, Loyal, Protective, Reliable | G52: 1350 | H52: 69 | I52: 6 | J52: 1 | M52: 51 | N52: 300 | O52: =AVERAGEIF($A:$A, A52, $N:$N) -> 300 | P52: =IF(ISNUMBER(SEARCH("Affectionate",F51)),"With Affectionate","Without Affectionate") -> Without Affectionate
A53: Cairn Terrier | B53: Cairn | C53: Terrier | D53: Terrier | E53: 7 | F53: Active, Assertive, Courageous, Fearless, Hardy, Intelligent | G53: 850 | H53: 35 | I53: 4 | M53: 69 | N53: 115 | O53: =AVERAGEIF($A:$A, A53, $N:$N) -> 115 | P53: =IF(ISNUMBER(SEARCH("Affectionate",F52)),"With Affectionate","Without Affectionate") -> Without Affectionate
A54: Canaan Dog | C54: Herding | D54: Sight | E54: 21 | F54: Alert, Cautious, Devoted, Quick, Vigilant | G54: 1000 | I54: 3 | M54: 175 | N54: 110 | O54: =AVERAGEIF($A:$A, A54, $N:$N) -> 110 | P54: =IF(ISNUMBER(SEARCH("Affectionate",F53)),"With Affectionate","Without Affectionate") -> Without Affectionate
A55: Cane Corso Mastiff | C55: Working | D55: Guardian | E55: 47 | F55: Cheerful, Courageous, Loyal, Quiet, Social | G55: 1750 | I55: 6 | M55: 37 | N55: 11 | O55: =AVERAGEIF($A:$A, A55, $N:$N) -> 11 | P55: =IF(ISNUMBER(SEARCH("Affectionate",F54)),"With Affectionate","Without Affectionate") -> Without Affectionate
A56: Carolina Dog | D56: Sight | E56: 18 | F56: Adaptable, Gentle, Loyal, Primitive, Reserved | G56: 900 | I56: 3 | N56: 103 | O56: =AVERAGEIF($A:$A, A56, $N:$N) -> 103 | P56: =IF(ISNUMBER(SEARCH("Affectionate",F55)),"With Affectionate","Without Affectionate") -> Without Affectionate
A57: Catahoula Leopard Dog | C57: Herding | D57: Herding | E57: 27 | F57: Alert, Courageous, Energetic, Gentle, Independent, Intelligent, Loving, Loyal, Protective | G57: 400 | I57: 6 | N57: 178 | O57: =AVERAGEIF($A:$A, A57, $N:$N) -> 178 | P57: =IF(ISNUMBER(SEARCH("Affectionate",F56)),"With Affectionate","Without Affectionate") -> Without Affectionate
A58: Cattle Dog | C58: Herding | D58: Herding | E58: 21 | F58: Aggressive, Alert, Energetic, Intelligent, Loyal, Protective, Responsive | G58: 600 | H58: 10 | I58: 6 | M58: 56 | N58: 209 | O58: =AVERAGEIF($A:$A, A58, $N:$N) -> 209 | P58: =IF(ISNUMBER(SEARCH("Affectionate",F57)),"With Affectionate","Without Affectionate") -> Without Affectionate
A59: Caucasian Sheepdog (Caucasian Ovtcharka) | C59: Working | D59: Guardian | E59: 63 | F59: Alert, Calm, Dominant, Powerful, Quick,Strong | G59: 1750 | I59: 6 | N59: 315 | O59: =AVERAGEIF($A:$A, A59, $N:$N) -> 315 | P59: =IF(ISNUMBER(SEARCH("Affectionate",F58)),"With Affectionate","Without Affectionate") -> Without Affectionate
A60: Cavalier King Charles Spaniel | C60: Toy | D60: Companion | E60: 7 | F60: Affectionate, Cheerful, Courageous, Gentle, Intelligent, Social | G60: 1350 | H60: 44 | I60: 2 | M60: 19 | N60: 25 | O60: =AVERAGEIF($A:$A, A60, $N:$N) -> 25 | P60: =IF(ISNUMBER(SEARCH("Affectionate",F59)),"With Affectionate","Without Affectionate") -> Without Affectionate
A61: Chesapeake Bay Retriever | C61: Sporting | D61: Gun | E61: 33 | F61: Happy, Affectionate, Dominant, Intelligent, Protective, Quiet | G61: 800 | H61: 27 | I61: 3 | M61: 43 | N61: 89 | O61: =AVERAGEIF($A:$A, A61, $N:$N) -> 89 | P61: =IF(ISNUMBER(SEARCH("Affectionate",F60)),"With Affectionate","Without Affectionate") -> With Affectionate
A62: Chihuahua | C62: Toy | D62: Companion | E62: 2 | F62: Alert, Courageous, Devoted, Lively, Intelligent, Quick | G62: 700 | H62: 67 | I62: 2 | M62: 32 | N62: 72 | O62: =AVERAGEIF($A:$A, A62, $N:$N) -> 72 | P62: =IF(ISNUMBER(SEARCH("Affectionate",F61)),"With Affectionate","Without Affectionate") -> With Affectionate
A63: Chinese Crested Dog | C63: Toy | D63: Companion | E63: 4 | F63: Affectionate, Alert, Happy, Lively, Playful, Sweet-tempered | G63: 900 | H63: 61 | I63: 2 | M63: 79 | N63: 81 | O63: =AVERAGEIF($A:$A, A63, $N:$N) -> 81 | P63: =IF(ISNUMBER(SEARCH("Affectionate",F62)),"With Affectionate","Without Affectionate") -> Without Affectionate
A64: Chinese Foo Dog | C64: Working | D64: Northern | E64: 25 | F64: Friendly, Devoted, Courageous | G64: 2000 | I64: 5 | N64: 64 | O64: =AVERAGEIF($A:$A, A64, $N:$N) -> 64 | P64: =IF(ISNUMBER(SEARCH("Affectionate",F63)),"With Affectionate","Without Affectionate") -> With Affectionate
A65: Chinook | C65: Working | D65: Northern | E65: 32 | F65: Alert, Calm, Dignified, Friendly, Responsive | G65: 900 | I65: 4 | M65: 179 | N65: 210 | O65: =AVERAGEIF($A:$A, A65, $N:$N) -> 210 | P65: =IF(ISNUMBER(SEARCH("Affectionate",F64)),"With Affectionate","Without Affectionate") -> Without Affectionate
A66: Chocolate Labrador Retriever | C66: Sporting | D66: Gun | E66: 32 | F66: Affectionate, Alert, Cheerful, Energetic, Friendly, Gentle, Intelligent, Loving, Loyal, Outgoing, Playful, Responsive, Social | G66: 1500 | H66: 7 | I66: 3 | M66: 1 | N66: 111 | O66: =AVERAGEIF($A:$A, A66, $N:$N) -> 111 | P66: =IF(ISNUMBER(SEARCH("Affectionate",F65)),"With Affectionate","Without Affectionate") -> Without Affectionate
A67: Chow Chow | B67: Chow | C67: Non Sporting | D67: Northern | E67: 26 | F67: Aloof, Independent, Loyal, Quiet, Intelligent, Protective, Detached | G67: 700 | H67: 76 | I67: 3 | M67: 76 | N67: 204 | O67: =AVERAGEIF($A:$A, A67, $N:$N) -> 204 | P67: =IF(ISNUMBER(SEARCH("Affectionate",F66)),"With Affectionate","Without Affectionate") -> With Affectionate
A68: Cirneco dell'Etna | C68: Hound | D68: Sight | E68: 11 | F68: Affectionate, Gentle, Lively | G68: 900 | I68: 3 | M68: 184 | N68: 35 | O68: =AVERAGEIF($A:$A, A68, $N:$N) -> 35 | P68: =IF(ISNUMBER(SEARCH("Affectionate",F67)),"With Affectionate","Without Affectionate") -> Without Affectionate
A69: Clumber Spaniel | B69: Clumber | C69: Sporting | D69: Gun | E69: 32 | F69: Gentle, Loyal, Affectionate, Dignified, Aloof | G69: 1000 | H69: 37 | I69: 3 | M69: 140 | N69: 11 | O69: =AVERAGEIF($A:$A, A69, $N:$N) -> 11 | P69: =IF(ISNUMBER(SEARCH("Affectionate",F68)),"With Affectionate","Without Affectionate") -> With Affectionate
A70: Cockapoo | C70: Sporting | D70: Gun | E70: 8 | F70: Affectionate, Alert, Cheerful, Friendly, Intelligent, Loving, Loyal, Outgoing, Playful, Responsive, Social | G70: 1000 | I70: 3 | N70: 115 | O70: =AVERAGEIF($A:$A, A70, $N:$N) -> 115 | P70: =IF(ISNUMBER(SEARCH("Affectionate",F69)),"With Affectionate","Without Affectionate") -> With Affectionate
A71: Cocker Spaniel | C71: Sporting | D71: Gun | E71: 10 | F71: Even Tempered, Joyful, Merry, Outgoing, Intelligent, Sociable, Trusting | G71: 700 | H71: 20 | I71: 3 | M71: 29 | N71: 203 | O71: =AVERAGEIF($A:$A, A71, $N:$N) -> 203 | P71: =IF(ISNUMBER(SEARCH("Affectionate",F70)),"With Affectionate","Without Affectionate") -> With Affectionate
A72: Collie | C72: Herding | D72: Herding | E72: 31 | F72: Friendly, Gentle, Intelligent, Loyal, Protective, Responsive, Social | G72: 500 | H72: 16 | I72: 5 | M72: 40 | N72: 45 | O72: =AVERAGEIF($A:$A, A72, $N:$N) -> 45 | P72: =IF(ISNUMBER(SEARCH("Affectionate",F71)),"With Affectionate","Without Affectionate") -> Without Affectionate
A73: Coonhound | C73: Hound | D73: Scenthound | E73: 55 | F73: Adaptable, Easygoing, Even-tempered, Gentle, Lovable, Trusting, Intelligent | G73: 350 | H73: 44 | I73: 3 | M73: 130 | N73: 59 | O73: =AVERAGEIF($A:$A, A73, $N:$N) -> 59 | P73: =IF(ISNUMBER(SEARCH("Affectionate",F72)),"With Affectionate","Without Affectionate") -> Without Affectionate
A74: Corgi | C74: Herding | D74: Herding | E74: 13 | F74: Active, Affectionate, Alert, Companionable, Devoted, Gentle, Intelligent | G74: 1100 | H74: 26 | I74: 4 | M74: 68 | N74: 55 | O74: =AVERAGEIF($A:$A, A74, $N:$N) -> 55 | P74: =IF(ISNUMBER(SEARCH("Affectionate",F73)),"With Affectionate","Without Affectionate") -> Without Affectionate
A75: Coton de Tulear | C75: Non Sporting | D75: Companion | E75: 6 | F75: Affectionate, Intelligent, Lively, Playful, Trainable, Vocal | G75: 2700 | I75: 3 | M75: 81 | N75: 23 | O75: =AVERAGEIF($A:$A, A75, $N:$N) -> 23 | P75: =IF(ISNUMBER(SEARCH("Affectionate",F74)),"With Affectionate","Without Affectionate") -> With Affectionate
A76: Curly-Coated Retriever | C76: Sporting | D76: Gun | E76: 34 | F76: Clever, Independent, Intelligent, Lively, Sensitive, Trainable | G76: 700 | H76: 41 | I76: 3 | M76: 171 | N76: 45 | O76: =AVERAGEIF($A:$A, A76, $N:$N) -> 45 | P76: =IF(ISNUMBER(SEARCH("Affectionate",F75)),"With Affectionate","Without Affectionate") -> With Affectionate
A77: Dachshund | C77: Hound | D77: Scenthound | E77: 7 | F77: Clever, Courageous, Devoted, Lively, Playful, Stubborn | G77: 600 | H77: 49 | I77: 3 | M77: 13 | N77: 101 | O77: =AVERAGEIF($A:$A, A77, $N:$N) -> 101 | P77: =IF(ISNUMBER(SEARCH("Affectionate",F76)),"With Affectionate","Without Affectionate") -> Without Affectionate
A78: Dalmatian | C78: Non Sporting | D78: Companion | E78: 25 | F78: Active, Energetic, Friendly, Intelligent, Outgoing, Playful, Sensitive | G78: 800 | H78: 39 | I78: 3 | M78: 63 | N78: 115 | O78: =AVERAGEIF($A:$A, A78, $N:$N) -> 115 | P78: =IF(ISNUMBER(SEARCH("Affectionate",F77)),"With Affectionate","Without Affectionate") -> Without Affectionate
A79: Dandi Dinmont Terrier | B79: Dandie Dinmont | C79: Terrier | D79: Terrier | E79: 10 | F79: Affectionate, Companionable, Determined, Fun-loving, Independent, Lively, Intelligent | G79: 1500 | H79: 62 | I79: 3 | M79: 182 | N79: 309 | O79: =AVERAGEIF($A:$A, A79, $N:$N) -> 309 | P79: =IF(ISNUMBER(SEARCH("Affectionate",F78)),"With Affectionate","Without Affectionate") -> Without Affectionate
A80: Dhole | E80: 18 | F80: Wild | N80: 250 | O80: =AVERAGEIF($A:$A, A80, $N:$N) -> 250 | P80: =IF(ISNUMBER(SEARCH("Affectionate",F79)),"With Affectionate","Without Affectionate") -> With Affectionate
A81: Dingo | E81: 16 | F81: Wild | N81: 301 | O81: =AVERAGEIF($A:$A, A81, $N:$N) -> 301 | P81: =IF(ISNUMBER(SEARCH("Affectionate",F80)),"With Affectionate","Without Affectionate") -> Without Affectionate
A82: Doberman Pinscher | B82: Doberman | C82: Working | D82: Guardian | E82: 43 | F82: Alert, Energetic, Fearless, Intelligent, Loyal, Obedient | G82: 900 | H82: 5 | I82: 6 | J82: 1 | M82: 16 | N82: 256 | O82: =AVERAGEIF($A:$A, A82, $N:$N) -> 256 | P82: =IF(ISNUMBER(SEARCH("Affectionate",F81)),"With Affectionate","Without Affectionate") -> Without Affectionate
A83: Dogo Argentino | C83: Working | D83: Guardian | E83: 43 | F83: Affectionate, Cheerful, Friendly, Loyal, Protective, Tolerant, Social | G83: 39000 | I83: 5 | K83: 1 | N83: 22 | O83: =AVERAGEIF($A:$A, A83, $N:$N) -> 22 | P83: =IF(ISNUMBER(SEARCH("Affectionate",F82)),"With Affectionate","Without Affectionate") -> Without Affectionate
A84: Dogue de Bordeaux | C84: Working | D84: Guardian | E84: 60 | F84: Companionable, Courageous, Devoted, Even-tempered, Loyal, Vigiliant | G84: 1150 | I84: 6 | M84: 67 | N84: 21 | O84: =AVERAGEIF($A:$A, A84, $N:$N) -> 21 | P84: =IF(ISNUMBER(SEARCH("Affectionate",F83)),"With Affectionate","Without Affectionate") -> With Affectionate
A85: Dutch Shepherd | C85: Herding | D85: Herding | E85: 28 | F85: Affectionate, Alert, Loyal, Obedient, Reliable, Trainable | G85: 1100 | I85: 5 | N85: 14 | O85: =AVERAGEIF($A:$A, A85, $N:$N) -> 14 | P85: =IF(ISNUMBER(SEARCH("Affectionate",F84)),"With Affectionate","Without Affectionate") -> Without Affectionate
A86: English Bulldog | C86: Non Sporting | D86: Companion | E86: 25 | F86: Aggressive, Courageous, Friendly, Loving, Social, Sweet | G86: 1600 | H86: 77 | I86: 3 | M86: 5 | N86: 145 | O86: =AVERAGEIF($A:$A, A86, $N:$N) -> 145 | P86: =IF(ISNUMBER(SEARCH("Affectionate",F85)),"With Affectionate","Without Affectionate") -> With Affectionate
A87: English Cocker Spaniel | C87: Sporting | D87: Gun | E87: 14 | F87: Affectionate, Faithful, Friendly, Intelligent, Playful, Quiet, Trainable | G87: 1050 | H87: 18 | I87: 4 | M87: 52 | N87: 76 | O87: =AVERAGEIF($A:$A, A87, $N:$N) -> 76 | P87: =IF(ISNUMBER(SEARCH("Affectionate",F86)),"With Affectionate","Without Affectionate") -> Without Affectionate
A88: English Coonhound | C88: Hound | D88: Scenthound | E88: 26 | F88: Active, Energetic, High-strung, Loyal | G88: 1100 | I88: 4 | M88: 178 | N88: 54 | O88: =AVERAGEIF($A:$A, A88, $N:$N) -> 54 | P88: =IF(ISNUMBER(SEARCH("Affectionate",F87)),"With Affectionate","Without Affectionate") -> With Affectionate
A89: English Pointer | C89: Sporting | D89: Gun | E89: 25 | F89: Active, Affectionate, Amiable, Even-tempered, Kind, Loyal, Intelligent | G89: 450 | H89: 43 | I89: 4 | M89: 113 | N89: 153 | O89: =AVERAGEIF($A:$A, A89, $N:$N) -> 153 | P89: =IF(ISNUMBER(SEARCH("Affectionate",F88)),"With Affectionate","Without Affectionate") -> Without Affectionate
A90: English Setter | C90: Sporting | D90: Gun | E90: 30 | F90: Strong-willed, Mischevious, Gentle, Energetic, Intelligent | G90: 500 | H90: 37 | I90: 3 | M90: 95 | N90: 25 | O90: =AVERAGEIF($A:$A, A90, $N:$N) -> 25 | P90: =IF(ISNUMBER(SEARCH("Affectionate",F89)),"With Affectionate","Without Affectionate") -> With Affectionate
A91: English Shepherd | C91: Herding | D91: Herding | E91: 25 | F91: Adaptable, Alert, Courageous, Energetic, Friendly, Independent, Intelligent, Playful, Responsibe | G91: 900 | I91: 4 | N91: 96 | O91: =AVERAGEIF($A:$A, A91, $N:$N) -> 96 | P91: =IF(ISNUMBER(SEARCH("Affectionate",F90)),"With Affectionate","Without Affectionate") -> Without Affectionate
A92: English Springer Spaniel | C92: Sporting | D92: Gun | E92: 23 | F92: Affectionate, Alert, Cheerful, Energetic, Intelligent, Playful, Social | G92: 750 | H92: 13 | I92: 3 | M92: 27 | N92: 77 | O92: =AVERAGEIF($A:$A, A92, $N:$N) -> 77 | P92: =IF(ISNUMBER(SEARCH("Affectionate",F91)),"With Affectionate","Without Affectionate") -> Without Affectionate
A93: English Toy Spaniel | B93: Blenheim Spaniel | C93: Toy | D93: Companion | E93: 5 | F93: Affectionate, Gentle, Happy, Loving, Playful, Reserved | G93: 1400 | I93: 3 | M93: 134 | N93: 63 | O93: =AVERAGEIF($A:$A, A93, $N:$N) -> 63 | P93: =IF(ISNUMBER(SEARCH("Affectionate",F92)),"With Affectionate","Without Affectionate") -> With Affectionate
A94: Entlebucher | C94: Herding | D94: Guardian | E94: 27 | F94: Agile, Devoted, Independent, Loyal, Self-confident | I94: 6 | M94: 152 | N94: 95 | O94: =AVERAGEIF($A:$A, A94, $N:$N) -> 95 | P94: =IF(ISNUMBER(SEARCH("Affectionate",F93)),"With Affectionate","Without Affectionate") -> With Affectionate
A95: Eskimo Dog | C95: Non Sporting | D95: Northern | E95: 8 | F95: Alert, Energetic, Friendly, Independent, Intelligent, Protective | G95: 700 | I95: 4 | M95: 118 | N95: 103 | O95: =AVERAGEIF($A:$A, A95, $N:$N) -> 103 | P95: =IF(ISNUMBER(SEARCH("Affectionate",F94)),"With Affectionate","Without Affectionate") -> Without Affectionate
A96: Feist | C96: Terrier | D96: Terrier | E96: 15 | F96: Agile, Alert, Lovable, Spirited, Swift | G96: 350 | I96: 4 | N96: 115 | O96: =AVERAGEIF($A:$A, A96, $N:$N) -> 115 | P96: =IF(ISNUMBER(SEARCH("Affectionate",F95)),"With Affectionate","Without Affectionate") -> Without Affectionate
A97: Field Spaniel | C97: Sporting | D97: Gun | E97: 19 | F97: Adaptable, Cautious, Docile, Familial, Sensitive, Sociable | G97: 900 | H97: 34 | I97: 3 | M97: 145 | N97: 79 | O97: =AVERAGEIF($A:$A, A97, $N:$N) -> 79 | P97: =IF(ISNUMBER(SEARCH("Affectionate",F96)),"With Affectionate","Without Affectionate") -> Without Affectionate
A98: Fila Brasileiro | C98: Working | D98: Guardian | E98: 46 | F98: Brave, Courageous, Determined, Docile, Loyal, Obedient | G98: 1150 | I98: 5 | K98: 1 | N98: 5 | O98: =AVERAGEIF($A:$A, A98, $N:$N) -> 5 | P98: =IF(ISNUMBER(SEARCH("Affectionate",F97)),"With Affectionate","Without Affectionate") -> Without Affectionate
A99: Finnish Lapphund | C99: Herding | D99: Northern | E99: 18 | F99: Calm, Courageous, Faithful, Friendly, Keen | G99: 700 | I99: 5 | M99: 173 | N99: 20 | O99: =AVERAGEIF($A:$A, A99, $N:$N) -> 20 | P99: =IF(ISNUMBER(SEARCH("Affectionate",F98)),"With Affectionate","Without Affectionate") -> Without Affectionate
A100: Finnish Spitz | C100: Non Sporting | D100: Northern | E100: 15 | F100: Happy, Independent, Intelligent, Loyal, Playful, Vocal | G100: 600 | H100: 43 | I100: 3 | M100: 177 | N100: 15 | O100: =AVERAGEIF($A:$A, A100, $N:$N) -> 15 | P100: =IF(ISNUMBER(SEARCH("Affectionate",F99)),"With Affectionate","Without Affectionate") -> Without Affectionate
...

Sheet summary 
A1: TOTAL COUNT OF CAT PER FUR TYPE
A2: fut type
A3: bald | B3: =COUNTIF('Cat Breed'!$D:$D, "Bald") -> 2
A4: long | B4: =COUNTIF('Cat Breed'!$D:$D, "Long") -> 20
A5: medium | B5: =COUNTIF('Cat Breed'!$D:$D, "Medium") -> 14
A6: short | B6: =COUNTIF('Cat Breed'!$D:$D, "Short") -> 30
A8: TOTAL COUNT OF DOGS PER GROUP1 CATEGORY
A9: Herding | B9: =COUNTIF('Dog Breed'!$C:C, "herding") -> 37
A10: Hound | B10: =COUNTIF('Dog Breed'!$C:C, "hound") -> 34
A11: Non sporting | B11: =COUNTIF('Dog Breed'!$C:C, "non sporting") -> 27
A12: southern | B12: =COUNTIF('Dog Breed'!$C:C, "southern") -> 1
A13: sporting | B13: =COUNTIF('Dog Breed'!$C:C, "sporting") -> 40
A14: terrier | B14: =COUNTIF('Dog Breed'!$C:C, "terrier") -> 36
A15: toy | B15: =COUNTIF('Dog Breed'!$C:C, "toy") -> 21
A16: working | B16: =COUNTIF('Dog Breed'!$C:C, "working") -> 49
A18: TOP 10 CAT BREEDS BASED ON POPULARITY | J18: AVERAGE PRICE
A19: {=_xlfn.TAKE(_xlfn._xlws.SORT(_xlfn._xlws.FILTER('[1]Dataset-cat_breed_characteristi'!A:I, '[1]Dataset-cat_breed_characteristi'!I:I<>""), 9,1),10)} -> Exotic Shorthair | B19: 0 | C19: Lap | D19: Short | E19: 5 | F19: Affectionate, Sweet, Loyal, Quiet, Peaceful | G19: 1750 | H19: 2 | I19: 1 | J19: =ROUND(AVERAGE(G19:G28), 2) -> 1270
A20: Persian | B20: 0 | C20: Lap | D20: Long | E20: 6 | F20: Affectionate, Loyal, Sedate, Quiet | G20: 1250 | H20: 3 | I20: 2 | J20: =ROUND(AVERAGE(G20:G29), 2) -> 1216.67
A21: Maine Coon | B21: 0 | C21: Lap | D21: Long | E21: 7 | F21: Adaptable, Intelligent, Loving, Gentle, Independent | G21: 1600 | H21: 1 | I21: 3 | J21: =ROUND(AVERAGE(G21:G30), 2) -> 1212.5
A22: Ragdoll | B22: 0 | C22: Lap | D22: Long | E22: 7 | F22: Affectioante, Friendly, Gentle, Quiet, Easygoing | G22: 1000 | H22: 7 | I22: 4 | J22: =ROUND(AVERAGE(G22:G31), 2) -> 1157.14
A23: British Shorthair | B23: 0 | C23: Lap | D23: Short | E23: 7 | F23: Affectionate, Easygoing, Gentle, Loyal, Patient, Calm | G23: 1750 | H23: 6 | I23: 5 | J23: =ROUND(AVERAGE(G23:G32), 2) -> 1157.14
A24: American Shorthair | B24: 0 | C24: Lap | D24: Short | E24: 6 | F24: Active, Curious, Easygoing, Playful, Calm | G24: 900 | H24: 5 | I24: 6 | J24: =ROUND(AVERAGE(G24:G33), 2) -> 992.86
A25: Abyssinian | B25: 0 | C25: Lap | D25: Short | E25: 4 | F25: Active, Energetic, Independent, Intelligent, Gentle | G25: 1050 | H25: 0 | I25: 7 | J25: =ROUND(AVERAGE(G25:G34), 2) -> 935.71
A26: Canadian Hairless | B26: 0 | C26: Lap | D26: Bald | E26: 5 | F26: Loyal, Inquisitive, Friendly, Quiet, Gentle | G26: 1450 | H26: 0 | I26: 8 | J26: =ROUND(AVERAGE(G26:G35), 2) -> 871.43
A27: Sphynx (hairless cat) | B27: Sphynx | C27: Lap | D27: Bald | E27: 5 | F27: Loyal, Inquisitive, Friendly, Quiet, Gentle | G27: 1450 | H27: 0 | I27: 8 | J27: =ROUND(AVERAGE(G27:G36), 2) -> 735.71
A28: Siamese | B28: 0 | C28: Lap | D28: Short | E28: 6 | F28: Active, Agile, Clever, Sociable, Loving, Energetic | G28: 500 | H28: 0 | I28: 9 | J28: =ROUND(AVERAGE(G28:G37), 2) -> 642.86
A30: Buttom 10 CATS BREEDS ON POPULARITY
A31: {=_xlfn.TAKE(_xlfn._xlws.SORT(_xlfn._xlws.FILTER('[1]Dataset-cat_breed_characteristi'!A:I, '[1]Dataset-cat_breed_characteristi'!I:I<>""), 9,-1),10)} -> BreedName | B31: AltBreedName | C31: LapCat | D31: Fur | E31: MaleWtKg | F31: Temperment | G31: AvgKittenPrice | H31: MalaysiaPopularity | I31: PopularityUS2017 | J31: Avearge price
A32: American Wirehair | B32: 0 | C32: Lap | D32: Medium | E32: 6 | F32: Affectionate, Curious, Gentle, Intelligent, Interactive, Lively, Loyal, Playful, Sensible, Social | G32: 1000 | H32: 0 | I32: 41 | J32: =ROUND(AVERAGE(G32:G40), 2) -> 711.11
A33: Korat | B33: 0 | C33: Lap | D33: Long | E33: 4 | F33: Affectionate, Friendly, Gentle, Intelligent, Playful, Quiet | G33: 600 | H33: 0 | I33: 40 | J33: =ROUND(AVERAGE(G33:G41), 2) -> 675
A34: LaPerm | B34: 0 | C34: Lap | D34: Long | E34: 4 | F34: Intelligent, Clever, Active, Genlte | G34: 500 | H34: 0 | I34: 39 | J34: =ROUND(AVERAGE(G34:G42), 2) -> 685.71
A35: Burmilla | B35: 0 | C35: Lap | D35: Long | E35: 5 | F35: Easygoing, Friendly, Intelligent, Lively, Playful, Social | G35: 600 | H35: 0 | I35: 38 | J35: =ROUND(AVERAGE(G35:G43), 2) -> 828.57
A36: Turkish Van | B36: 0 | C36: Non Lap | D36: Long | E36: 6 | F36: Agile, Intelligent, Loyal, Playful, Energetic | G36: 500 | H36: 0 | I36: 37 | J36: =ROUND(AVERAGE(G36:G44), 2) -> 957.14
A37: Bobtail | B37: 0 | C37: Lap | D37: Medium | E37: 6 | F37: Intelligent, Interactive, Lively, Playful, Sensitive | G37: 800 | H37: 0 | I37: 36 | J37: =ROUND(AVERAGE(G37:G45), 2) -> 1100
A38: Havana | B38: 0 | C38: Lap | D38: Medium | E38: 4 | F38: Affectionate, Curious, Demanding, Friendly, Intelligent, Playful | G38: 900 | H38: 0 | I38: 35 | J38: =ROUND(AVERAGE(G38:G46), 2) -> 1200
A39: Bombay | B39: 0 | C39: Lap | D39: Short | E39: 4 | F39: Affectionate, Dependent, Gentle, Intelligent, Playful | G39: 500 | H39: 0 | I39: 34 | J39: =ROUND(AVERAGE(G39:G47), 2) -> 1271.43
A40: Ragamuffin | B40: 0 | C40: Lap | D40: Medium | E40: 7 | F40: Affectionate, Friendly, Gentle, Calm | G40: 1000 | H40: 0 | I40: 32 | J40: =ROUND(AVERAGE(G40:G48), 2) -> 1400
A42: Top 10 DOGS BREEDS BASED ON POPULARITY | N42: Average price
A43: {=_xlfn.TAKE(_xlfn._xlws.SORT(_xlfn._xlws.FILTER('[2]Dataset-dog_breed_characteristi'!A:M, '[2]Dataset-dog_breed_characteristi'!M:M<>""), 13,1),10)} -> Black Labrador Retriever | B43: 0 | C43: Sporting | D43: Gun | E43: 32 | F43: Affectionate, Alert, Cheerful, Energetic, Friendly, Gentle, Intelligent, Loving, Loyal, Outgoing, Playful, Responsive, Social | G43: 1500 | H43: 7 | I43: 3 | J43: 0 | K43: 0 | L43: 0 | M43: 1 | N43: =ROUND(AVERAGE(G43:G52), 2) -> 1620
A44: Chocolate Labrador Retriever | B44: 0 | C44: Sporting | D44: Gun | E44: 32 | F44: Affectionate, Alert, Cheerful, Energetic, Friendly, Gentle, Intelligent, Loving, Loyal, Outgoing, Playful, Responsive, Social | G44: 1500 | H44: 7 | I44: 3 | J44: 0 | K44: 0 | L44: 0 | M44: 1 | N44: =ROUND(AVERAGE(G44:G53), 2) -> 1633.33
A45: Labrador Retriever | B45: 0 | C45: Sporting | D45: Gun | E45: 32 | F45: Affectionate, Alert, Cheerful, Energetic, Friendly, Gentle, Intelligent, Loving, Loyal, Outgoing, Playful, Responsive, Social | G45: 1500 | H45: 7 | I45: 3 | J45: 0 | K45: 0 | L45: 0 | M45: 1 | N45: =ROUND(AVERAGE(G45:G54), 2) -> 1650
A46: Yellow Labrador Retriever | B46: 0 | C46: Sporting | D46: Gun | E46: 32 | F46: Affectionate, Alert, Cheerful, Energetic, Friendly, Gentle, Intelligent, Loving, Loyal, Outgoing, Playful, Responsive, Social | G46: 1500 | H46: 7 | I46: 3 | J46: 0 | K46: 0 | L46: 0 | M46: 1 | N46: =ROUND(AVERAGE(G46:G55), 2) -> 1671.43
A47: German Shepherd Dog | B47: German Shepherd | C47: Herding | D47: Herding | E47: 35 | F47: Alert, Confident, Courageous, Curious, Intelligent, Loyal, Obedient, Watchful | G47: 1400 | H47: 3 | I47: 6 | J47: 1 | K47: 0 | L47: 8 | M47: 2 | N47: =ROUND(AVERAGE(G47:G56), 2) -> 1528.57
A48: Shepherd | B48: 0 | C48: Herding | D48: Herding | E48: 35 | F48: Alert, Confident, Courageous, Curious, Intelligent, Loyal, Obedient, Watchful | G48: 1400 | H48: 3 | I48: 6 | J48: 0 | K48: 0 | L48: 0 | M48: 2 | N48: =ROUND(AVERAGE(G48:G57), 2) -> 1457.14
A49: White German Shepherd | B49: 0 | C49: Herding | D49: Herding | E49: 35 | F49: Alert, Confident, Courageous, Curious, Intelligent, Loyal, Obedient, Watchful | G49: 1400 | H49: 3 | I49: 6 | J49: 0 | K49: 0 | L49: 0 | M49: 2 | N49: =ROUND(AVERAGE(G49:G58), 2) -> 1328.57
A50: Golden Retriever | B50: 0 | C50: Sporting | D50: Gun | E50: 32 | F50: Confident, Friendly, Intelligent, Kind, Reliable, Trustworthy | G50: 1500 | H50: 4 | I50: 3 | J50: 0 | K50: 0 | L50: 6 | M50: 3 | N50: =ROUND(AVERAGE(G50:G59), 2) -> 1200
A51: Retriever | B51: 0 | C51: Sporting | D51: Gun | E51: 32 | F51: Confident, Friendly, Intelligent, Kind, Reliable, Trustworthy | G51: 1500 | H51: 4 | I51: 3 | J51: 0 | K51: 0 | L51: 0 | M51: 3 | N51: =ROUND(AVERAGE(G51:G60), 2) -> 1064.29
A52: French Bulldog | B52: 0 | C52: Non Sporting | D52: Companion | E52: 12 | F52: Affectionate, Playful, Alert, Athletic, Bright, Easygoing, Keen, Lively, Patient | G52: 3000 | H52: 58 | I52: 3 | J52: 0 | K52: 0 | L52: 0 | M52: 4 | N52: =ROUND(AVERAGE(G52:G61), 2) -> 978.57
A54: Buttom 10 DOGS BASED ON POPULARITY
A55: {=_xlfn.TAKE(_xlfn._xlws.SORT(_xlfn._xlws.FILTER('[2]Dataset-dog_breed_characteristi'!A:M, '[2]Dataset-dog_breed_characteristi'!M:M<>""), 13,-1), 10)} -> BreedName | B55: AltBreedName | C55: Group1 | D55: Group2 | E55: MaleWtKg | F55: Temperment | G55: AvgPupPrice | H55: Intelligence | I55: Watchdog | J55: MalaysiaGuardedDog | K55: MalaysiaProhibitedDog | L55: MalaysiaPopularity | M55: PopularityUS2017 | N55: Average price
A56: Norwegian Lundehund | B56: 0 | C56: Non Sporting | D56: Northern | E56: 8 | F56: Alert, Energetic, Loyal, Protective | G56: 500 | H56: 0 | I56: 4 | J56: 0 | K56: 0 | L56: 0 | M56: 190 | N56: =ROUND(AVERAGE(G55:G64), 2) -> 733.33
A57: Sloughi | B57: 0 | C57: Hound | D57: Sight | E57: 28 | F57: Alert, Faithful, Intelligent, Sensitive, Independent, Playful, Sweet | G57: 900 | H57: 0 | I57: 5 | J57: 0 | K57: 0 | L57: 0 | M57: 188 | N57: =ROUND(AVERAGE(G56:G65), 2) -> 733.33
A58: Foxhound | B58: 0 | C58: Hound | D58: Scenthound | E58: 32 | F58: Independent, Intelligent, Kind, Loving, Loyal, Sweet-tempered | G58: 500 | H58: 46 | I58: 2 | J58: 0 | K58: 0 | L58: 0 | M58: 187 | N58: =ROUND(AVERAGE(G57:G66), 2) -> 762.5
A59: Hound | B59: 0 | C59: Hound | D59: Scenthound | E59: 32 | F59: Independent, Intelligent, Kind, Loving, Loyal, Sweet-tempered | G59: 500 | H59: 46 | I59: 2 | J59: 0 | K59: 0 | L59: 0 | M59: 187 | N59: =ROUND(AVERAGE(G58:G67), 2) -> 742.86
A60: Otterhound | B60: 0 | C60: Hound | D60: Scenthound | E60: 41 | F60: Amiable, Boisterous, Even-tempered | G60: 550 | H60: 46 | I60: 2 | J60: 0 | K60: 0 | L60: 0 | M60: 186 | N60: =ROUND(AVERAGE(G59:G67), 2) -> 783.33
A61: Cirneco dell'Etna | B61: 0 | C61: Hound | D61: Sight | E61: 11 | F61: Affectionate, Gentle, Lively | G61: 900 | H61: 0 | I61: 3 | J61: 0 | K61: 0 | L61: 0 | M61: 184 | N61: =ROUND(AVERAGE(G60:G67), 2) -> 840
A62: Harrier | B62: 0 | C62: Hound | D62: Scenthound | E62: 22 | F62: Active, Cheerful, Friendly, Outgoing, Sweet-tempered, Tolerant | G62: 350 | H62: 0 | I62: 2 | J62: 0 | K62: 0 | L62: 0 | M62: 183 | N62: =ROUND(AVERAGE(G61:G67), 2) -> 912.5
A63: Dandi Dinmont Terrier | B63: Dandie Dinmont | C63: Terrier | D63: Terrier | E63: 10 | F63: Affectionate, Companionable, Determined, Fun-loving, Independent, Lively, Intelligent | G63: 1500 | H63: 62 | I63: 3 | J63: 0 | K63: 0 | L63: 0 | M63: 182 | N63: =ROUND(AVERAGE(G62:G67), 2) -> 916.67
A64: Chinook | B64: 0 | C64: Working | D64: Northern | E64: 32 | F64: Alert, Calm, Dignified, Friendly, Responsive | G64: 900 | H64: 0 | I64: 4 | J64: 0 | K64: 0 | L64: 0 | M64: 179 | N64: =ROUND(AVERAGE(G63:G71), 2) -> 1200
A66: Mode of temperament
A67: {=_xlfn.LET( _xlpm.temp, 'Cat Breed'!F2:F67, _xlpm.uniq, _xlfn.UNIQUE(_xlpm.temp), _xlpm.counts, COUNTIF(_xlpm.temp, _xlpm.uniq), _xlfn._xlws.FILTER(_xlpm.uniq, _xlpm.counts=MAX(_xlpm.counts)) )} -> Active, Curious, Easygoing, Playful, Calm | B67: CAT
A68: {=_xlfn.LET( _xlpm.temp, 'Dog Breed'!F2:F250, _xlpm.uniq, _xlfn.UNIQUE(_xlpm.temp), _xlpm.counts, COUNTIF(_xlpm.temp, _xlpm.uniq), _xlfn._xlws.FILTER(_xlpm.uniq, _xlpm.counts=MAX(_xlpm.counts)) )} -> Alert, Energetic, Friendly, Independent, Intelligent, Protective | B68: DOG
A69: Affectionate, Alert, Cheerful, Energetic, Friendly, Gentle, Intelligent, Loving, Loyal, Outgoing, Playful, Responsive, Social
A70: Active, Affectionate, Alert, Companionable, Devoted, Gentle, Intelligent
A71: Active, Alert, Faithful, Instinctual, Intelligent, Trainable
A73: TOTAL COUNT OF AFFECTIONATE TEMPERAMENT
A74: =COUNTIF('Dog Breed'!F:F, "*Affectionate*") -> 71 | B74: DOG
A75: =COUNTIF('Cat Breed'!F:F, "*Affectionate*") -> 26 | B75: CAT
A77: AVERAGE MALE WEIGHT
A78: =ROUND(AVERAGE('Dog Breed'!E:E), 2) -> 23.94 | B78: DOG
A79: =ROUND(AVERAGE('Cat Breed'!E:E), 2) -> 5.11 | B79: CAT
A81: AVERAGE POPULARITYUS 2017
A82: =ROUND(AVERAGE('Dog Breed'!I:I), 2) -> 3.82 | B82: DOG
A83: =ROUND(AVERAGE('Cat Breed'!I:I), 2) -> 19.88 | B83: CAT

Sheet task 2
A3: Row Labels | B3: Count of BreedName
A4: Bald | B4: 2
A5: Long | B5: 20 | D5: Row Labels | E5: Count of BreedName
A6: Medium | B6: 14 | D6: With Affectionate | E6: 26
A7: Short | B7: 30 | D7: Without Affectionate | E7: 41
A8: (blank) | B8: 1 | D8: Grand Total | E8: 67
A9: Grand Total | B9: 67
A12: Row Labels | B12: Count of BreedName | D12: Row Labels | E12: Count of BreedName
A13: Companion | B13: 35 | D13: With Affectionate | E13: 71
A14: Guardian | B14: 34 | D14: Without Affectionate | E14: 179
A15: Gun | B15: 40 | D15: Grand Total | E15: 250
A16: Gun Dogs | B16: 1
A17: Herding | B17: 36
A18: Northern | B18: 23
A19: Scenthound | B19: 19
A20: Sight | B20: 19
A21: Southern | B21: 1
A22: Terrier | B22: 38
A23: (blank) | B23: 4
A24: Grand Total | B24: 250

Sheet Cat Breed
A1: BreedName | B1: AltBreedName | C1: LapCat | D1: Fur | E1: MaleWtKg | F1: Temperment | G1: AvgKittenPrice | H1: MalaysiaPopularity | I1: PopularityUS2017 | J1: Qty Sold | K1: Average sales | L1: affectionate | M1: Column1
A2: Abyssinian | C2: Lap | D2: Short | E2: 4 | F2: Active, Energetic, Independent, Intelligent, Gentle | G2: 1050 | I2: 7 | J2: 79 | K2: =AVERAGEIF($A:$A, A2, $J:$J) -> 79 | L2: =IF(ISNUMBER(SEARCH("Affectionate",F1)),"With Affectionate","Without Affectionate") -> Without Affectionate
A3: American Curl | C3: Lap | D3: Medium | E3: 4 | F3: Affectionate, Curious, Intelligent, Interactive, Lively, Playful, Social | G3: 1400 | I3: 26 | J3: 93 | K3: =AVERAGEIF($A:$A, A3, $J:$J) -> 93 | L3: =IF(ISNUMBER(SEARCH("Affectionate",F2)),"With Affectionate","Without Affectionate") -> Without Affectionate
A4: American Shorthair | C4: Lap | D4: Short | E4: 6 | F4: Active, Curious, Easygoing, Playful, Calm | G4: 900 | H4: 5 | I4: 6 | J4: 121 | K4: =AVERAGEIF($A:$A, A4, $J:$J) -> 121 | L4: =IF(ISNUMBER(SEARCH("Affectionate",F3)),"With Affectionate","Without Affectionate") -> With Affectionate
A5: American Wirehair | C5: Lap | D5: Medium | E5: 6 | F5: Affectionate, Curious, Gentle, Intelligent, Interactive, Lively, Loyal, Playful, Sensible, Social | G5: 1000 | I5: 41 | J5: 11 | K5: =AVERAGEIF($A:$A, A5, $J:$J) -> 11 | L5: =IF(ISNUMBER(SEARCH("Affectionate",F4)),"With Affectionate","Without Affectionate") -> Without Affectionate
A6: Applehead Siamese | C6: Lap | D6: Short | E6: 6 | F6: Active, Agile, Clever, Sociable, Loving, Energetic | G6: 1600 | J6: 15 | K6: =AVERAGEIF($A:$A, A6, $J:$J) -> 15 | L6: =IF(ISNUMBER(SEARCH("Affectionate",F5)),"With Affectionate","Without Affectionate") -> With Affectionate
A7: Balinese | C7: Non Lap | D7: Long | E7: 4 | F7: Affectionate, Intelligent, Playful | G7: 1300 | I7: 31 | J7: 5 | K7: =AVERAGEIF($A:$A, A7, $J:$J) -> 5 | L7: =IF(ISNUMBER(SEARCH("Affectionate",F6)),"With Affectionate","Without Affectionate") -> Without Affectionate
A8: Bengal | C8: Non Lap | D8: Medium | E8: 6 | F8: Active, Agile, Lively, Affectionate, Energetic, Rambunctious | G8: 1250 | H8: 8 | J8: 10 | K8: =AVERAGEIF($A:$A, A8, $J:$J) -> 10 | L8: =IF(ISNUMBER(SEARCH("Affectionate",F7)),"With Affectionate","Without Affectionate") -> With Affectionate
A9: Birman | C9: Lap | D9: Long | E9: 5 | F9: Affectionate, Active, Gentle, Social | G9: 850 | I9: 15 | J9: 93 | K9: =AVERAGEIF($A:$A, A9, $J:$J) -> 93 | L9: =IF(ISNUMBER(SEARCH("Affectionate",F8)),"With Affectionate","Without Affectionate") -> With Affectionate
A10: Bobtail | C10: Lap | D10: Medium | E10: 6 | F10: Intelligent, Interactive, Lively, Playful, Sensitive | G10: 800 | I10: 36 | J10: 45 | K10: =AVERAGEIF($A:$A, A10, $J:$J) -> 45 | L10: =IF(ISNUMBER(SEARCH("Affectionate",F9)),"With Affectionate","Without Affectionate") -> With Affectionate
A11: Bombay | C11: Lap | D11: Short | E11: 4 | F11: Affectionate, Dependent, Gentle, Intelligent, Playful | G11: 500 | I11: 34 | J11: 29 | K11: =AVERAGEIF($A:$A, A11, $J:$J) -> 29 | L11: =IF(ISNUMBER(SEARCH("Affectionate",F10)),"With Affectionate","Without Affectionate") -> Without Affectionate
A12: British Shorthair | C12: Lap | D12: Short | E12: 7 | F12: Affectionate, Easygoing, Gentle, Loyal, Patient, Calm | G12: 1750 | H12: 6 | I12: 5 | J12: 26 | K12: =AVERAGEIF($A:$A, A12, $J:$J) -> 26 | L12: =IF(ISNUMBER(SEARCH("Affectionate",F11)),"With Affectionate","Without Affectionate") -> With Affectionate
A13: Burmese | C13: Lap | D13: Short | E13: 5 | F13: Curious, Intelligent, Gentle, Social, Interactive, Playful, Lively | G13: 1250 | H13: 4 | I13: 16 | J13: 77 | K13: =AVERAGEIF($A:$A, A13, $J:$J) -> 77 | L13: =IF(ISNUMBER(SEARCH("Affectionate",F12)),"With Affectionate","Without Affectionate") -> With Affectionate
A14: Burmilla | C14: Lap | D14: Long | E14: 5 | F14: Easygoing, Friendly, Intelligent, Lively, Playful, Social | G14: 600 | I14: 38 | J14: 55 | K14: =AVERAGEIF($A:$A, A14, $J:$J) -> 55 | L14: =IF(ISNUMBER(SEARCH("Affectionate",F13)),"With Affectionate","Without Affectionate") -> Without Affectionate
A15: Calico | C15: Generic | D15: Short | E15: 6 | F15: Active, Curious, Easygoing, Playful, Calm | G15: 100 | J15: 54 | K15: =AVERAGEIF($A:$A, A15, $J:$J) -> 54 | L15: =IF(ISNUMBER(SEARCH("Affectionate",F14)),"With Affectionate","Without Affectionate") -> Without Affectionate
A16: Canadian Hairless | C16: Lap | D16: Bald | E16: 5 | F16: Loyal, Inquisitive, Friendly, Quiet, Gentle | G16: 1450 | I16: 8 | J16: 35 | K16: =AVERAGEIF($A:$A, A16, $J:$J) -> 35 | L16: =IF(ISNUMBER(SEARCH("Affectionate",F15)),"With Affectionate","Without Affectionate") -> Without Affectionate
A17: Chartreux | C17: Lap | D17: Short | E17: 6 | F17: Affectionate, Loyal, Intelligent, Social, Lively, Playful | G17: 1250 | I17: 27 | J17: 47 | K17: =AVERAGEIF($A:$A, A17, $J:$J) -> 47 | L17: =IF(ISNUMBER(SEARCH("Affectionate",F16)),"With Affectionate","Without Affectionate") -> Without Affectionate
A18: Chausie | C18: Non Lap | D18: Short | E18: 5 | F18: Affectionate, Intelligent, Playful, Social | G18: 1500 | J18: 84 | K18: =AVERAGEIF($A:$A, A18, $J:$J) -> 84 | L18: =IF(ISNUMBER(SEARCH("Affectionate",F17)),"With Affectionate","Without Affectionate") -> With Affectionate
A19: Chinchilla | C19: Rodent | D19: Short | E19: 1 | F19: Active, Playful | G19: 200 | J19: 93 | K19: =AVERAGEIF($A:$A, A19, $J:$J) -> 93 | L19: =IF(ISNUMBER(SEARCH("Affectionate",F18)),"With Affectionate","Without Affectionate") -> With Affectionate
A20: Cornish Rex | C20: Lap | D20: Short | E20: 3 | F20: Affectionate, Intelligent, Active, Curious, Playful | G20: 1000 | I20: 11 | J20: 101 | K20: =AVERAGEIF($A:$A, A20, $J:$J) -> 101 | L20: =IF(ISNUMBER(SEARCH("Affectionate",F19)),"With Affectionate","Without Affectionate") -> Without Affectionate
A21: Cymric | C21: Lap | D21: Long | E21: 5 | F21: Gentle, Loyal, Intelligent, Playful | G21: 400 | J21: 125 | K21: =AVERAGEIF($A:$A, A21, $J:$J) -> 125 | L21: =IF(ISNUMBER(SEARCH("Affectionate",F20)),"With Affectionate","Without Affectionate") -> With Affectionate
A22: Devon Rex | C22: Lap | D22: Short | E22: 3 | F22: Intelligent, Active, Mischevious, Playful | G22: 800 | I22: 12 | J22: 115 | K22: =AVERAGEIF($A:$A, A22, $J:$J) -> 115 | L22: =IF(ISNUMBER(SEARCH("Affectionate",F21)),"With Affectionate","Without Affectionate") -> Without Affectionate
A23: Dilute Calico | C23: Generic | D23: Short | E23: 6 | F23: Active, Curious, Easygoing, Playful, Calm | G23: 100 | J23: 154 | K23: =AVERAGEIF($A:$A, A23, $J:$J) -> 154 | L23: =IF(ISNUMBER(SEARCH("Affectionate",F22)),"With Affectionate","Without Affectionate") -> Without Affectionate
A24: Dilute Tortoiseshell | C24: Generic | D24: Short | E24: 6 | F24: Active, Curious, Easygoing, Playful, Calm | G24: 100 | J24: 198 | K24: =AVERAGEIF($A:$A, A24, $J:$J) -> 198 | L24: =IF(ISNUMBER(SEARCH("Affectionate",F23)),"With Affectionate","Without Affectionate") -> Without Affectionate
A25: Domestic Long Hair | C25: Generic | D25: Long | E25: 6 | F25: Active, Curious, Easygoing, Playful, Calm | G25: 100 | J25: 76 | K25: =AVERAGEIF($A:$A, A25, $J:$J) -> 76 | L25: =IF(ISNUMBER(SEARCH("Affectionate",F24)),"With Affectionate","Without Affectionate") -> Without Affectionate
A26: Domestic Medium Hair | C26: Generic | D26: Medium | E26: 6 | F26: Active, Curious, Easygoing, Playful, Calm | G26: 100 | J26: 95 | K26: =AVERAGEIF($A:$A, A26, $J:$J) -> 95 | L26: =IF(ISNUMBER(SEARCH("Affectionate",F25)),"With Affectionate","Without Affectionate") -> Without Affectionate
A27: Domestic Short Hair | C27: Generic | D27: Short | E27: 6 | F27: Active, Curious, Easygoing, Playful, Calm | G27: 100 | J27: 39 | K27: =AVERAGEIF($A:$A, A27, $J:$J) -> 39 | L27: =IF(ISNUMBER(SEARCH("Affectionate",F26)),"With Affectionate","Without Affectionate") -> Without Affectionate
A28: Egyptian Mau | C28: Lap | D28: Medium | E28: 5 | F28: Agile, Dependent, Gentle, Intelligent, Lively, Loyal, Playful | G28: 800 | I28: 20 | J28: 45 | K28: =AVERAGEIF($A:$A, A28, $J:$J) -> 45 | L28: =IF(ISNUMBER(SEARCH("Affectionate",F27)),"With Affectionate","Without Affectionate") -> Without Affectionate
A29: Exotic Shorthair | C29: Lap | D29: Short | E29: 5 | F29: Affectionate, Sweet, Loyal, Quiet, Peaceful | G29: 1750 | H29: 2 | I29: 1 | J29: 54 | K29: =AVERAGEIF($A:$A, A29, $J:$J) -> 54 | L29: =IF(ISNUMBER(SEARCH("Affectionate",F28)),"With Affectionate","Without Affectionate") -> Without Affectionate
A30: Extra-Toes Cat (Hemingway Polydactyl) | C30: Lap | D30: Medium | E30: 5 | F30: Six-Toed | G30: 2000 | J30: 67 | K30: =AVERAGEIF($A:$A, A30, $J:$J) -> 67 | L30: =IF(ISNUMBER(SEARCH("Affectionate",F29)),"With Affectionate","Without Affectionate") -> With Affectionate
A31: Havana | C31: Lap | D31: Medium | E31: 4 | F31: Affectionate, Curious, Demanding, Friendly, Intelligent, Playful | G31: 900 | I31: 35 | J31: 71 | K31: =AVERAGEIF($A:$A, A31, $J:$J) -> 71 | L31: =IF(ISNUMBER(SEARCH("Affectionate",F30)),"With Affectionate","Without Affectionate") -> Without Affectionate
A32: Himalayan | C32: Lap | D32: Long | E32: 6 | F32: Dependent, Gentle, Intelligent, Quiet, Social | G32: 800 | J32: 72 | K32: =AVERAGEIF($A:$A, A32, $J:$J) -> 72 | L32: =IF(ISNUMBER(SEARCH("Affectionate",F31)),"With Affectionate","Without Affectionate") -> With Affectionate
A33: Japanese Bobtail | C33: Lap | D33: Long | E33: 4 | F33: Active, Agile, Clever, Easygoing, Intelligent, Lively, Loyal, Playful, Social | G33: 800 | I33: 24 | J33: 43 | K33: =AVERAGEIF($A:$A, A33, $J:$J) -> 43 | L33: =IF(ISNUMBER(SEARCH("Affectionate",F32)),"With Affectionate","Without Affectionate") -> Without Affectionate
A34: Javanese | C34: Non Lap | D34: Medium | E34: 4 | F34: Active, Devoted, Intelligent, Playful | G34: 1200 | J34: 57 | K34: =AVERAGEIF($A:$A, A34, $J:$J) -> 57 | L34: =IF(ISNUMBER(SEARCH("Affectionate",F33)),"With Affectionate","Without Affectionate") -> Without Affectionate
A35: Korat | C35: Lap | D35: Long | E35: 4 | F35: Affectionate, Friendly, Gentle, Intelligent, Playful, Quiet | G35: 600 | I35: 40 | J35: 78 | K35: =AVERAGEIF($A:$A, A35, $J:$J) -> 78 | L35: =IF(ISNUMBER(SEARCH("Affectionate",F34)),"With Affectionate","Without Affectionate") -> Without Affectionate
A36: LaPerm | C36: Lap | D36: Long | E36: 4 | F36: Intelligent, Clever, Active, Genlte | G36: 500 | I36: 39 | J36: 89 | K36: =AVERAGEIF($A:$A, A36, $J:$J) -> 89 | L36: =IF(ISNUMBER(SEARCH("Affectionate",F35)),"With Affectionate","Without Affectionate") -> With Affectionate
A37: Maine Coon | C37: Lap | D37: Long | E37: 7 | F37: Adaptable, Intelligent, Loving, Gentle, Independent | G37: 1600 | H37: 1 | I37: 3 | J37: 99 | K37: =AVERAGEIF($A:$A, A37, $J:$J) -> 99 | L37: =IF(ISNUMBER(SEARCH("Affectionate",F36)),"With Affectionate","Without Affectionate") -> Without Affectionate
A38: Manx | C38: Lap | D38: Short | E38: 5 | F38: Easygoing, Intelligent, Loyal, Playful, Social | G38: 500 | I38: 23 | J38: 110 | K38: =AVERAGEIF($A:$A, A38, $J:$J) -> 110 | L38: =IF(ISNUMBER(SEARCH("Affectionate",F37)),"With Affectionate","Without Affectionate") -> Without Affectionate
A39: Munchkin | C39: Lap | D39: Medium | E39: 3 | F39: Agile, Easygoing, Intelligent, Playful | G39: 1500 | J39: 155 | K39: =AVERAGEIF($A:$A, A39, $J:$J) -> 155 | L39: =IF(ISNUMBER(SEARCH("Affectionate",F38)),"With Affectionate","Without Affectionate") -> Without Affectionate
A40: Nebelung | C40: Lap | D40: Long | E40: 4 | F40: Gentle, Quiet, Shy, Playful | G40: 500 | J40: 45 | K40: =AVERAGEIF($A:$A, A40, $J:$J) -> 45 | L40: =IF(ISNUMBER(SEARCH("Affectionate",F39)),"With Affectionate","Without Affectionate") -> Without Affectionate
A41: Norwegian Forest Cat | C41: Non Lap | D41: Long | E41: 6 | F41: Sweet, Active, Intelligent, Social, Playful, Lively, Curious | G41: 1000 | H41: 9 | I41: 14 | J41: 59 | K41: =AVERAGEIF($A:$A, A41, $J:$J) -> 59 | L41: =IF(ISNUMBER(SEARCH("Affectionate",F40)),"With Affectionate","Without Affectionate") -> Without Affectionate
A42: Ocicat | C42: Non Lap | D42: Short | E42: 6 | F42: Active, Agile, Curious, Demanding, Friendly, Gentle, Lively, Playful, Social | G42: 850 | I42: 21 | J42: 55 | K42: =AVERAGEIF($A:$A, A42, $J:$J) -> 55 | L42: =IF(ISNUMBER(SEARCH("Affectionate",F41)),"With Affectionate","Without Affectionate") -> Without Affectionate
A43: Oriental Long Hair | C43: Lap | D43: Long | E43: 4 | F43: Energetic, Affectionate, Intelligent, Social, Playful, Curious | G43: 1150 | I43: 13 | J43: 23 | K43: =AVERAGEIF($A:$A, A43, $J:$J) -> 23 | L43: =IF(ISNUMBER(SEARCH("Affectionate",F42)),"With Affectionate","Without Affectionate") -> Without Affectionate
A44: Oriental Short Hair | C44: Lap | D44: Short | E44: 4 | F44: Energetic, Affectionate, Intelligent, Social, Playful, Curious | G44: 1150 | I44: 13 | J44: 45 | K44: =AVERAGEIF($A:$A, A44, $J:$J) -> 45 | L44: =IF(ISNUMBER(SEARCH("Affectionate",F43)),"With Affectionate","Without Affectionate") -> With Affectionate
A45: Oriental Tabby | C45: Lap | D45: Medium | E45: 4 | F45: Energetic, Affectionate, Intelligent, Social, Playful, Curious | G45: 1150 | I45: 13 | J45: 101 | K45: =AVERAGEIF($A:$A, A45, $J:$J) -> 101 | L45: =IF(ISNUMBER(SEARCH("Affectionate",F44)),"With Affectionate","Without Affectionate") -> With Affectionate
A46: Persian | C46: Lap | D46: Long | E46: 6 | F46: Affectionate, Loyal, Sedate, Quiet | G46: 1250 | H46: 3 | I46: 2 | J46: 115 | K46: =AVERAGEIF($A:$A, A46, $J:$J) -> 115 | L46: =IF(ISNUMBER(SEARCH("Affectionate",F45)),"With Affectionate","Without Affectionate") -> With Affectionate
A47: Pixie-Bob | C47: Lap | D47: Medium | E47: 6 | F47: Affectionate, Social, Intelligent, Loyal | G47: 700 | J47: 309 | K47: =AVERAGEIF($A:$A, A47, $J:$J) -> 309 | L47: =IF(ISNUMBER(SEARCH("Affectionate",F46)),"With Affectionate","Without Affectionate") -> With Affectionate
A48: Ragamuffin | C48: Lap | D48: Medium | E48: 7 | F48: Affectionate, Friendly, Gentle, Calm | G48: 1000 | I48: 32 | J48: 77 | K48: =AVERAGEIF($A:$A, A48, $J:$J) -> 77 | L48: =IF(ISNUMBER(SEARCH("Affectionate",F47)),"With Affectionate","Without Affectionate") -> With Affectionate
A49: Ragdoll | C49: Lap | D49: Long | E49: 7 | F49: Affectioante, Friendly, Gentle, Quiet, Easygoing | G49: 1000 | H49: 7 | I49: 4 | J49: 63 | K49: =AVERAGEIF($A:$A, A49, $J:$J) -> 63 | L49: =IF(ISNUMBER(SEARCH("Affectionate",F48)),"With Affectionate","Without Affectionate") -> With Affectionate
A50: Russian Blue | C50: Lap | D50: Short | E50: 4 | F50: Active, Dependent, Easygoing, Gentle, Intelligent, Loyal, Playful, Quiet | G50: 700 | I50: 19 | J50: 95 | K50: =AVERAGEIF($A:$A, A50, $J:$J) -> 95 | L50: =IF(ISNUMBER(SEARCH("Affectionate",F49)),"With Affectionate","Without Affectionate") -> Without Affectionate
A51: Scottish Fold | C51: Non Lap | D51: Short | E51: 4 | F51: Affectionate, Intelligent, Loyal, Playful, Social, Sweet, Loving | G51: 1250 | H51: 10 | I51: 10 | J51: 103 | K51: =AVERAGEIF($A:$A, A51, $J:$J) -> 103 | L51: =IF(ISNUMBER(SEARCH("Affectionate",F50)),"With Affectionate","Without Affectionate") -> Without Affectionate
A52: Selkirk Rex | C52: Lap | D52: Long | E52: 6 | F52: Active, Affectionate, Dependent, Gentle, Patient, Playful, Quiet, Social | G52: 1150 | I52: 25 | J52: 115 | K52: =AVERAGEIF($A:$A, A52, $J:$J) -> 115 | L52: =IF(ISNUMBER(SEARCH("Affectionate",F51)),"With Affectionate","Without Affectionate") -> With Affectionate
A53: Siamese | C53: Lap | D53: Short | E53: 6 | F53: Active, Agile, Clever, Sociable, Loving, Energetic | G53: 500 | I53: 9 | J53: 79 | K53: =AVERAGEIF($A:$A, A53, $J:$J) -> 79 | L53: =IF(ISNUMBER(SEARCH("Affectionate",F52)),"With Affectionate","Without Affectionate") -> With Affectionate
A54: Siberian | C54: Non Lap | D54: Long | E54: 6 | F54: Intelligent, Loyal, Quiet, Active | G54: 1000 | J54: 5 | K54: =AVERAGEIF($A:$A, A54, $J:$J) -> 5 | L54: =IF(ISNUMBER(SEARCH("Affectionate",F53)),"With Affectionate","Without Affectionate") -> Without Affectionate
A55: Silver | C55: Generic | D55: Short | E55: 6 | F55: Active, Curious, Easygoing, Playful, Calm | G55: 100 | J55: 20 | K55: =AVERAGEIF($A:$A, A55, $J:$J) -> 20 | L55: =IF(ISNUMBER(SEARCH("Affectionate",F54)),"With Affectionate","Without Affectionate") -> Without Affectionate
A56: Singapura | C56: Lap | D56: Short | E56: 3 | F56: Affectionate, Curious, Easygoing, Intelligent, Interactive, Lively, Loyal | G56: 1150 | I56: 22 | J56: 15 | K56: =AVERAGEIF($A:$A, A56, $J:$J) -> 15 | L56: =IF(ISNUMBER(SEARCH("Affectionate",F55)),"With Affectionate","Without Affectionate") -> Without Affectionate
A57: Snowshoe | C57: Lap | D57: Short | E57: 5 | F57: Affectionate, Social, Intelligent, Sweet-tempered | G57: 800 | J57: 5 | K57: =AVERAGEIF($A:$A, A57, $J:$J) -> 5 | L57: =IF(ISNUMBER(SEARCH("Affectionate",F56)),"With Affectionate","Without Affectionate") -> With Affectionate
A58: Somali | C58: Non Lap | D58: Long | E58: 5 | F58: Mischevious, Tenacious, Intelligent, Affectionate, Gentle, Interactive, Loyal | G58: 1250 | I58: 28 | J58: 49 | K58: =AVERAGEIF($A:$A, A58, $J:$J) -> 49 | L58: =IF(ISNUMBER(SEARCH("Affectionate",F57)),"With Affectionate","Without Affectionate") -> With Affectionate
A59: Sphynx (hairless cat) | B59: Sphynx | C59: Lap | D59: Bald | E59: 5 | F59: Loyal, Inquisitive, Friendly, Quiet, Gentle | G59: 1450 | I59: 8 | J59: 4 | K59: =AVERAGEIF($A:$A, A59, $J:$J) -> 4 | L59: =IF(ISNUMBER(SEARCH("Affectionate",F58)),"With Affectionate","Without Affectionate") -> With Affectionate
A60: Tabby | C60: Generic | D60: Short | E60: 6 | F60: Active, Curious, Easygoing, Playful, Calm | G60: 100 | J60: 39 | K60: =AVERAGEIF($A:$A, A60, $J:$J) -> 39 | L60: =IF(ISNUMBER(SEARCH("Affectionate",F59)),"With Affectionate","Without Affectionate") -> Without Affectionate
A61: Tiger | C61: Lap | D61: Short | E61: 6 | F61: Playful, Social, Intelligent | G61: 900 | J61: 77 | K61: =AVERAGEIF($A:$A, A61, $J:$J) -> 77 | L61: =IF(ISNUMBER(SEARCH("Affectionate",F60)),"With Affectionate","Without Affectionate") -> Without Affectionate
A62: Tonkinese | C62: Lap | D62: Medium | E62: 5 | F62: Curious, Intelligent, Social, Lively, Outgoing, Playful, Affectionate | G62: 800 | I62: 18 | J62: 32 | K62: =AVERAGEIF($A:$A, A62, $J:$J) -> 32 | L62: =IF(ISNUMBER(SEARCH("Affectionate",F61)),"With Affectionate","Without Affectionate") -> Without Affectionate
A63: Torbie | C63: Generic | D63: Short | E63: 6 | F63: Active, Curious, Easygoing, Playful, Calm | G63: 100 | J63: 125 | K63: =AVERAGEIF($A:$A, A63, $J:$J) -> 125 | L63: =IF(ISNUMBER(SEARCH("Affectionate",F62)),"With Affectionate","Without Affectionate") -> With Affectionate
A64: Tortoiseshell | C64: Generic | D64: Short | E64: 6 | F64: Active, Curious, Easygoing, Playful, Calm | G64: 100 | J64: 198 | K64: =AVERAGEIF($A:$A, A64, $J:$J) -> 198 | L64: =IF(ISNUMBER(SEARCH("Affectionate",F63)),"With Affectionate","Without Affectionate") -> Without Affectionate
A65: Turkish Angora | C65: Non Lap | D65: Long | E65: 4 | F65: Affectionate, Agile, Clever, Gentle, Intelligent, Playful, Social | G65: 700 | I65: 29 | J65: 132 | K65: =AVERAGEIF($A:$A, A65, $J:$J) -> 132 | L65: =IF(ISNUMBER(SEARCH("Affectionate",F64)),"With Affectionate","Without Affectionate") -> Without Affectionate
A66: Turkish Van | C66: Non Lap | D66: Long | E66: 6 | F66: Agile, Intelligent, Loyal, Playful, Energetic | G66: 500 | I66: 37 | J66: 154 | K66: =AVERAGEIF($A:$A, A66, $J:$J) -> 154 | L66: =IF(ISNUMBER(SEARCH("Affectionate",F65)),"With Affectionate","Without Affectionate") -> With Affectionate
A67: Tuxedo | C67: Generic | D67: Short | E67: 6 | F67: Active, Curious, Easygoing, Playful, Calm | G67: 100 | J67: 158 | K67: =AVERAGEIF($A:$A, A67, $J:$J) -> 158 | L67: =IF(ISNUMBER(SEARCH("Affectionate",F66)),"With Affectionate","Without Affectionate") -> Without Affectionate
A68: Mixed Breed | J68: 210 | K68: =AVERAGEIF($A:$A, A68, $J:$J) -> 210 | L68: =IF(ISNUMBER(SEARCH("Affectionate",F67)),"With Affectionate","Without Affectionate") -> Without Affectionate
